{
  "$schema": "./node_modules/@angular/cli/lib/config/schema.json",
  "project": {
    "name": "workout-tracker"
  },
  "apps": [
    {
      "root": "src",
      "outDir": "dist",
      "assets": [
        "assets",
        "favicon.ico"
      ],
      "index": "index.html",
      "main": "main.ts",
      "polyfills": "polyfills.ts",
      "tsconfig": "tsconfig.app.json",
      "prefix": "app",
       "styles": [
        "../node_modules/bootstrap/dist/css/bootstrap.css",
        "../node_modules/font-awesome/css/font-awesome.css",
        "../resources/css/style.css",
        "../resources/css/navbar.css"
      ],
      "scripts": [
      	"../node_modules/jquery/dist/jquery.min.js",
      	"../node_modules/bootstrap/dist/js/bootstrap.min.js"
      ],
      "environmentSource": "environments/environment.ts",
      "environments": {
        "dev": "environments/environment.ts",
        "prod": "environments/environment.prod.ts"
      }
    }
  ],
  "defaults": {
    "styleExt": "css",
    "component": {}
  }
}
